{
    "criteria": {
        "initialize": {
            "trigger": "inventory_changed",
            "conditions": { "items": [ { "predicates": { "custom_data": {
                "gpp": { "UUID": false }
            } } } ] }
        },
        "use_item": {
            "trigger": "using_item",
            "conditions": { "item": { "predicates": { "custom_data": {
                "gpp": {}
            } } } }
        },
        "cooldown": {
            "trigger": "tick",
            "conditions": { "player": [ {
                "condition": "entity_scores",
                "entity": "this",
                "scores": { "gpp.use.cooldown": { "min": 1 } }
            } ] }
        },
        "all_off": {
            "trigger": "inventory_changed",
            "conditions": { "items": [ { "predicates": { "custom_data": {
                "gpp": { "active": true }
            } } } ] }
        }
    },
    "requirements": [[
        "initialize",
        "use_item",
        "cooldown",
        "all_off"
    ]],
    "rewards": { "function": "gpp:player/advancement/gpp_item" }
}